[
    {
        "name": "phpmailer/phpmailer",
        "version": "v6.0.6",
        "version_normalized": "6.0.6.0",
        "source": {
            "type": "git",
            "url": "https://github.com/PHPMailer/PHPMailer.git",
            "reference": "8190d73eb5def11a43cfb020b7f36db65330698c"
        },
        "dist": {
            "type": "zip",
            "url": "https://api.github.com/repos/PHPMailer/PHPMailer/zipball/8190d73eb5def11a43cfb020b7f36db65330698c",
            "reference": "8190d73eb5def11a43cfb020b7f36db65330698c",
            "shasum": ""
        },
        "require": {
            "ext-ctype": "*",
            "ext-filter": "*",
            "php": ">=5.5.0"
        },
        "require-dev": {
            "doctrine/annotations": "1.2.*",
            "friendsofphp/php-cs-fixer": "^2.2",
            "phpdocumentor/phpdocumentor": "2.*",
            "phpunit/phpunit": "^4.8 || ^5.7",
            "zendframework/zend-eventmanager": "3.0.*",
            "zendframework/zend-i18n": "2.7.3",
            "zendframework/zend-serializer": "2.7.*"
        },
        "suggest": {
            "ext-mbstring": "Needed to send email in multibyte encoding charset",
            "hayageek/oauth2-yahoo": "Needed for Yahoo XOAUTH2 authentication",
            "league/oauth2-google": "Needed for Google XOAUTH2 authentication",
            "psr/log": "For optional PSR-3 debug logging",
            "stevenmaguire/oauth2-microsoft": "Needed for Microsoft XOAUTH2 authentication",
            "symfony/polyfill-mbstring": "To support UTF-8 if the Mbstring PHP extension is not enabled (^1.2)"
        },
        "time": "2018-11-16T00:41:32+00:00",
        "type": "library",
        "installation-source": "dist",
        "autoload": {
            "psr-4": {
                "PHPMailer\\PHPMailer\\": "src/"
            }
        },
        "notification-url": "https://packagist.org/downloads/",
        "license": [
            "LGPL-2.1"
        ],
        "authors": [
            {
                "name": "Jim Jagielski",
                "email": "jimjag@gmail.com"
            },
            {
                "name": "Marcus Bointon",
                "email": "phpmailer@synchromedia.co.uk"
            },
            {
                "name": "Andy Prevost",
                "email": "codeworxtech@users.sourceforge.net"
            },
            {
                "name": "Brent R. Matzelle"
            }
        ],
        "description": "PHPMailer is a full-featured email creation and transfer class for PHP"
    }
]
